rank,name,file_path,function_name,description,cli_accessible,api_accessible,business_value,usage_frequency,complexity_score,priority_score,recommended_interface,command_suggestion,endpoint_suggestion,test_template
1,AgentConfig,ai/interface/deploy_agents.py,,Class AgentConfig,False,False,9,8,4,78,both,AgentConfig,POST /api/v1/AgentConfig,
2,main,ai/interface/deploy_agents.py,main,CLI interface for agent deployment.,,False,9,8,4,78,cli,main,POST /api/v1/main,
3,create_default_config,ai/interface/deploy_agents.py,create_default_config,Create default swarm configuration matching current hardcoded setup.,,False,9,8,4,78,both,create default config,POST /api/v1/default-config,
4,save_config,ai/interface/deploy_agents.py,save_config,Save swarm configuration to YAML file.,,False,9,8,4,78,both,save config,POST /api/v1/save-config,
5,load_config,ai/interface/deploy_agents.py,load_config,Load swarm configuration from YAML file.,,False,9,8,4,78,both,load config,POST /api/v1/load-config,
6,deploy_swarm,ai/interface/deploy_agents.py,deploy_swarm,Deploy agents according to configuration.,,False,9,8,4,78,both,deploy swarm,POST /api/v1/deploy-swarm,
7,SmartWriteMemory,ai/tools/enhanced_memory_tools.py,,Store knowledge with automatic classification and importance scoring.,False,False,9,8,4,78,both,SmartWriteMemory,POST /api/v1/SmartWriteMemory,
8,SemanticSearchMemory,ai/tools/enhanced_memory_tools.py,,Search memories by keywords with intelligent ranking.,False,False,9,8,4,78,both,SemanticSearchMemory,POST /api/v1/SemanticSearchMemory,
9,GetMemoryByType,ai/tools/enhanced_memory_tools.py,,Retrieve memories by classification type.,False,False,9,8,4,78,both,GetMemoryByType,POST /api/v1/GetMemoryByType,
10,GetRelatedMemories,ai/tools/enhanced_memory_tools.py,,Find memories related to a specific memory.,False,False,9,8,4,78,both,GetRelatedMemories,POST /api/v1/GetRelatedMemories,
11,AnalyzeMemoryUsage,ai/tools/enhanced_memory_tools.py,,Get analytics and insights about memory usage patterns.,False,False,9,8,4,78,both,AnalyzeMemoryUsage,POST /api/v1/AnalyzeMemoryUsage,
12,OptimizeMemoryStore,ai/tools/enhanced_memory_tools.py,,Optimize memory store by removing low-importance old items.,False,False,9,8,4,78,both,OptimizeMemoryStore,POST /api/v1/OptimizeMemoryStore,
13,BaseTool,ai/tools/enhanced_memory_tools.py,,Class BaseTool,False,False,9,8,4,78,both,BaseTool,POST /api/v1/BaseTool,
14,WriteMemory,ai/tools/memory_tools.py,,"Store knowledge, context, and state for cross-agent sharing.",False,False,9,8,4,78,both,WriteMemory,POST /api/v1/WriteMemory,
15,ReadMemoryContext,ai/tools/memory_tools.py,,Retrieve relevant stored context for current task.,False,False,9,8,4,78,both,ReadMemoryContext,POST /api/v1/ReadMemoryContext,
16,BaseTool,ai/tools/memory_tools.py,,Class BaseTool,False,False,9,8,4,78,both,BaseTool,POST /api/v1/BaseTool,
17,BackupMemoryStore,ai/tools/production_memory_tools.py,,Backup all memories to a JSON file for data protection.,False,False,9,8,4,78,both,BackupMemoryStore,POST /api/v1/BackupMemoryStore,
18,RestoreMemoryStore,ai/tools/production_memory_tools.py,,Restore memories from a backup file.,False,False,9,8,4,78,both,RestoreMemoryStore,POST /api/v1/RestoreMemoryStore,
19,SyncFirestoreMemory,ai/tools/production_memory_tools.py,,Synchronize local memory with Firestore backend.,False,False,9,8,4,78,both,SyncFirestoreMemory,POST /api/v1/SyncFirestoreMemory,
20,OptimizeFirestoreMemory,ai/tools/production_memory_tools.py,,Optimize Firestore memory by removing low-importance items.,False,False,9,8,4,78,both,OptimizeFirestoreMemory,POST /api/v1/OptimizeFirestoreMemory,
21,PersistentMemorySearch,ai/tools/persistent_memory_tools.py,,Search persistent memory across all sessions and deployments.,False,False,9,8,4,78,both,PersistentMemorySearch,POST /api/v1/PersistentMemorySearch,
22,MemoryConsolidation,ai/tools/persistent_memory_tools.py,,Consolidate and clean up persistent memories.,False,False,9,8,4,78,both,MemoryConsolidation,POST /api/v1/MemoryConsolidation,
23,CrossSessionAnalytics,ai/tools/persistent_memory_tools.py,,Analyze memory patterns across sessions and time.,False,False,9,8,4,78,both,CrossSessionAnalytics,POST /api/v1/CrossSessionAnalytics,
24,MemoryLearningPatterns,ai/tools/persistent_memory_tools.py,,Analyze learning patterns and knowledge evolution.,False,False,9,8,4,78,both,MemoryLearningPatterns,POST /api/v1/MemoryLearningPatterns,
25,MemorySync,ai/tools/persistent_memory_tools.py,,Force synchronization of local memory to persistent storage.,False,False,9,8,4,78,both,MemorySync,POST /api/v1/MemorySync,
26,BaseTool,ai/tools/persistent_memory_tools.py,,Class BaseTool,False,False,9,8,4,78,both,BaseTool,POST /api/v1/BaseTool,
27,RefreshController,ai/monitor/adaptive_ui.py,,Controls adaptive refresh intervals based on activity.,False,False,9,8,4,78,both,RefreshController,POST /api/v1/RefreshController,
28,AdaptiveMonitorUI,ai/monitor/adaptive_ui.py,,Modern terminal UI for agent monitoring with adaptive refresh.,False,False,9,8,4,78,cli,AdaptiveMonitorUI,POST /api/v1/AdaptiveMonitorUI,
29,get_current_interval,ai/monitor/adaptive_ui.py,get_current_interval,Get current recommended refresh interval.,,False,9,8,4,78,both,current interval,GET /api/v1/current-interval,
30,update_display,ai/monitor/adaptive_ui.py,update_display,Update the live display with current status.,,False,9,8,4,78,both,update display,PUT /api/v1/display,
31,start_live_display,ai/monitor/adaptive_ui.py,start_live_display,Start live updating display.,,False,9,8,4,78,both,start live display,POST /api/v1/start-live-display,
32,TokenCounter,ai/monitor/openai_tracker.py,,Token counting utilities for OpenAI models.,False,False,9,8,4,78,both,TokenCounter,POST /api/v1/TokenCounter,
33,OpenAIUsageTracker,ai/monitor/openai_tracker.py,,Tracks OpenAI API usage and costs.,False,False,9,8,4,78,both,OpenAIUsageTracker,POST /api/v1/OpenAIUsageTracker,
34,track_openai_call,ai/monitor/openai_tracker.py,track_openai_call,Decorator to automatically track OpenAI API calls.,,False,9,8,4,78,both,track openai call,POST /api/v1/track-openai-call,
35,TrackedOpenAIClient,ai/monitor/openai_tracker.py,,OpenAI client wrapper with automatic usage tracking.,False,False,9,8,4,78,cli,TrackedOpenAIClient,POST /api/v1/TrackedOpenAIClient,
36,TrackedChatCompletions,ai/monitor/openai_tracker.py,,Chat completions wrapper with usage tracking.,False,False,9,8,4,78,both,TrackedChatCompletions,POST /api/v1/TrackedChatCompletions,
37,TrackedEmbeddings,ai/monitor/openai_tracker.py,,Embeddings wrapper with usage tracking.,False,False,9,8,4,78,both,TrackedEmbeddings,POST /api/v1/TrackedEmbeddings,
38,track_completion_usage,ai/monitor/openai_tracker.py,track_completion_usage,Manually track completion usage.,,False,9,8,4,78,both,track completion usage,POST /api/v1/track-completion-usage,
39,track_embedding_usage,ai/monitor/openai_tracker.py,track_embedding_usage,Manually track embedding usage.,,False,9,8,4,78,both,track embedding usage,POST /api/v1/track-embedding-usage,
40,estimate_tokens,ai/monitor/openai_tracker.py,estimate_tokens,Estimate token count for text.,,False,9,8,4,78,both,estimate tokens,POST /api/v1/estimate-tokens,
41,count_messages_tokens,ai/monitor/openai_tracker.py,count_messages_tokens,Estimate tokens for a list of chat messages.,,False,9,8,4,78,both,count messages tokens,POST /api/v1/count-messages-tokens,
42,track_completion,ai/monitor/openai_tracker.py,track_completion,Track a completion API call.,,False,9,8,4,78,both,track completion,POST /api/v1/track-completion,
43,track_embedding,ai/monitor/openai_tracker.py,track_embedding,Track an embedding API call.,,False,9,8,4,78,both,track embedding,POST /api/v1/track-embedding,
44,create,ai/monitor/openai_tracker.py,create,Create chat completion with tracking.,,False,9,8,4,78,both,create,POST /api/v1/create,
45,create,ai/monitor/openai_tracker.py,create,Create embeddings with tracking.,,False,9,8,4,78,both,create,POST /api/v1/create,
46,wrapper,ai/monitor/openai_tracker.py,wrapper,Function wrapper,,False,9,8,4,78,both,wrapper,POST /api/v1/wrapper,
47,wrapper,ai/monitor/openai_tracker.py,wrapper,Function wrapper,,False,9,8,4,78,both,wrapper,POST /api/v1/wrapper,
48,CostTracker,ai/monitor/cost_tracker.py,,Main cost tracking and monitoring system.,False,False,9,8,4,78,both,CostTracker,POST /api/v1/CostTracker,
49,get_cost_tracker,ai/monitor/cost_tracker.py,get_cost_tracker,Get the global cost tracker instance.,,False,9,8,4,78,both,cost tracker,GET /api/v1/cost-tracker,
50,record_usage,ai/monitor/cost_tracker.py,record_usage,Record a usage event and calculate estimated cost.,,False,9,8,4,78,both,record usage,POST /api/v1/record-usage,
51,get_usage_summary,ai/monitor/cost_tracker.py,get_usage_summary,Get usage summary for specified period.,,False,9,8,4,78,both,usage summary,GET /api/v1/usage-summary,
52,get_monthly_usage,ai/monitor/cost_tracker.py,get_monthly_usage,Get detailed usage for a specific month.,,False,9,8,4,78,both,monthly usage,GET /api/v1/monthly-usage,
53,add_budget_alert,ai/monitor/cost_tracker.py,add_budget_alert,Add a budget alert.,,False,9,8,4,78,both,add budalert,POST /api/v1/budget-alert,
54,get_optimization_suggestions,ai/monitor/cost_tracker.py,get_optimization_suggestions,Get cost optimization suggestions based on usage patterns.,,False,9,8,4,78,both,optimization suggestions,GET /api/v1/optimization-suggestions,
55,export_usage_report,ai/monitor/cost_tracker.py,export_usage_report,Export detailed usage report to JSON file.,,False,9,8,4,78,both,export usage report,POST /api/v1/export-usage-report,
56,AgentMetrics,ai/monitor/activity.py,,Performance metrics for a single agent.,False,False,9,8,4,78,both,AgentMetrics,POST /api/v1/AgentMetrics,
57,ActivityDetection,ai/monitor/activity.py,,Detects agent activity levels for adaptive monitoring.,False,False,9,8,4,78,both,ActivityDetection,POST /api/v1/ActivityDetection,
58,get_activity_detector,ai/monitor/activity.py,get_activity_detector,Get or create the global activity detector.,,False,9,8,4,78,both,activity detector,GET /api/v1/activity-detector,
59,record_memory_operation,ai/monitor/activity.py,record_memory_operation,Hook function for memory operations.,,False,9,8,4,78,both,memory record  operation,POST /api/v1/record-memory-operation,
60,record_agent_activity,ai/monitor/activity.py,record_agent_activity,Hook function for agent lifecycle events.,,False,9,8,4,78,both,agent record  activity,POST /api/v1/record-agent-activity,
61,record_flow_activity,ai/monitor/activity.py,record_flow_activity,Hook function for flow events.,,False,9,8,4,78,both,record flow activity,POST /api/v1/record-flow-activity,
62,record_event,ai/monitor/activity.py,record_event,Record an activity event (and optionally persist).,,False,9,8,4,78,both,record event,POST /api/v1/record-event,
63,compute_activity_level,ai/monitor/activity.py,compute_activity_level,Compute current activity level based on recent events.,,False,9,8,4,78,both,compute activity level,POST /api/v1/compute-activity-level,
64,get_refresh_interval,ai/monitor/activity.py,get_refresh_interval,Get recommended refresh interval in seconds.,,False,9,8,4,78,both,refresh interval,GET /api/v1/refresh-interval,
65,get_recent_events,ai/monitor/activity.py,get_recent_events,"Get recent events for timeline display. If a persistent bus exists, prefer it.",,False,9,8,4,78,both,recent events,GET /api/v1/recent-events,
66,CostDashboard,ai/monitor/cost_dashboard.py,,Interactive cost monitoring dashboard.,False,False,9,8,4,78,both,CostDashboard,POST /api/v1/CostDashboard,
67,run_cost_dashboard,ai/monitor/cost_dashboard.py,run_cost_dashboard,Run the cost monitoring dashboard.,,False,9,8,4,78,both,run cost dashboard,POST /api/v1/run-cost-dashboard,
68,quick_cost_summary,ai/monitor/cost_dashboard.py,quick_cost_summary,Show a quick cost summary without full dashboard.,,False,9,8,4,78,both,quick cost summary,POST /api/v1/quick-cost-summary,
69,create_layout,ai/monitor/cost_dashboard.py,create_layout,Create the dashboard layout.,,False,9,8,4,78,both,create layout,POST /api/v1/layout,
70,create_header,ai/monitor/cost_dashboard.py,create_header,Create dashboard header.,,False,9,8,4,78,both,create header,POST /api/v1/header,
71,create_optimization_panel,ai/monitor/cost_dashboard.py,create_optimization_panel,Create cost optimization recommendations panel.,,False,9,8,4,78,both,create optimization panel,POST /api/v1/optimization-panel,
72,create_controls_panel,ai/monitor/cost_dashboard.py,create_controls_panel,Create controls panel.,,False,9,8,4,78,both,create controls panel,POST /api/v1/controls-panel,
73,create_footer,ai/monitor/cost_dashboard.py,create_footer,Create dashboard footer.,,False,9,8,4,78,both,create footer,POST /api/v1/footer,
74,show_budget_management,ai/monitor/cost_dashboard.py,show_budget_management,Show budget management interface.,,False,9,8,4,78,both,show budmanagement,POST /api/v1/show-budget-management,
75,export_report,ai/monitor/cost_dashboard.py,export_report,Export cost report.,,False,9,8,4,78,both,export report,POST /api/v1/export-report,
76,show_detailed_usage,ai/monitor/cost_dashboard.py,show_detailed_usage,Show detailed usage breakdown.,,False,9,8,4,78,both,show detailed usage,POST /api/v1/show-detailed-usage,
77,PersistentEventBus,ai/monitor/event_bus.py,,Simple JSONL-backed event bus for cross-process monitoring visibility.,False,False,9,8,4,78,both,PersistentEventBus,POST /api/v1/PersistentEventBus,
78,get_bus,ai/monitor/event_bus.py,get_bus,Function get_bus,,False,9,8,4,78,both,bus,GET /api/v1/bus,
79,FirestoreUsageTracker,ai/monitor/firestore_tracker.py,,Tracks Firestore operations and costs.,False,False,9,8,4,78,both,FirestoreUsageTracker,POST /api/v1/FirestoreUsageTracker,
80,TrackedFirestoreClient,ai/monitor/firestore_tracker.py,,Firestore client wrapper with automatic usage tracking.,False,False,9,8,4,78,cli,TrackedFirestoreClient,POST /api/v1/TrackedFirestoreClient,
81,TrackedCollectionReference,ai/monitor/firestore_tracker.py,,Collection reference wrapper with usage tracking.,False,False,9,8,4,78,both,TrackedCollectionReference,POST /api/v1/TrackedCollectionReference,
82,TrackedDocumentReference,ai/monitor/firestore_tracker.py,,Document reference wrapper with usage tracking.,False,False,9,8,4,78,both,TrackedDocumentReference,POST /api/v1/TrackedDocumentReference,
83,TrackedQuery,ai/monitor/firestore_tracker.py,,Query wrapper with usage tracking.,False,False,9,8,4,78,both,TrackedQuery,POST /api/v1/TrackedQuery,
84,TrackedQuerySnapshot,ai/monitor/firestore_tracker.py,,Query snapshot wrapper with usage tracking.,False,False,9,8,4,78,both,TrackedQuerySnapshot,POST /api/v1/TrackedQuerySnapshot,
85,TrackedDocumentSnapshot,ai/monitor/firestore_tracker.py,,Document snapshot wrapper with usage tracking.,False,False,9,8,4,78,both,TrackedDocumentSnapshot,POST /api/v1/TrackedDocumentSnapshot,
86,TrackedWriteBatch,ai/monitor/firestore_tracker.py,,Write batch wrapper with usage tracking.,False,False,9,8,4,78,both,TrackedWriteBatch,POST /api/v1/TrackedWriteBatch,
87,wrap_firestore_client,ai/monitor/firestore_tracker.py,wrap_firestore_client,Wrap an existing Firestore client with cost tracking.,,False,9,8,4,78,cli,wrap firestore client,POST /api/v1/wrap-firestore-client,
88,track_read,ai/monitor/firestore_tracker.py,track_read,Track document read operations.,,False,9,8,4,78,both,track read,POST /api/v1/track-read,
89,track_write,ai/monitor/firestore_tracker.py,track_write,Track document write operations.,,False,9,8,4,78,both,track write,POST /api/v1/track-write,
90,track_delete,ai/monitor/firestore_tracker.py,track_delete,Track document delete operations.,,False,9,8,4,78,both,track delete,POST /api/v1/track-delete,
91,document,ai/monitor/firestore_tracker.py,document,Get a tracked document reference.,,False,9,8,4,78,both,document,POST /api/v1/document,
92,batch,ai/monitor/firestore_tracker.py,batch,Create a tracked batch write context.,,False,9,8,4,78,both,batch,POST /api/v1/batch,
93,get,ai/monitor/firestore_tracker.py,get,Get all documents with tracking.,,False,9,8,4,78,both,get,POST /api/v1/get,
94,stream,ai/monitor/firestore_tracker.py,stream,Stream documents with tracking.,,False,9,8,4,78,both,stream,POST /api/v1/stream,
95,add,ai/monitor/firestore_tracker.py,add,Add document with tracking.,,False,9,8,4,78,both,add,POST /api/v1/add,
96,document,ai/monitor/firestore_tracker.py,document,Get tracked document reference.,,False,9,8,4,78,both,document,POST /api/v1/document,
97,where,ai/monitor/firestore_tracker.py,where,Create tracked query.,,False,9,8,4,78,both,where,POST /api/v1/where,
98,order_by,ai/monitor/firestore_tracker.py,order_by,Create tracked ordered query.,,False,9,8,4,78,both,order by,POST /api/v1/order-by,
99,limit,ai/monitor/firestore_tracker.py,limit,Create tracked limited query.,,False,9,8,4,78,both,limit,POST /api/v1/limit,
100,get,ai/monitor/firestore_tracker.py,get,Get document with tracking.,,False,9,8,4,78,both,get,POST /api/v1/get,
101,set,ai/monitor/firestore_tracker.py,set,Set document with tracking.,,False,9,8,4,78,both,set,POST /api/v1/set,
102,update,ai/monitor/firestore_tracker.py,update,Update document with tracking.,,False,9,8,4,78,both,update,POST /api/v1/update,
103,delete,ai/monitor/firestore_tracker.py,delete,Delete document with tracking.,,False,9,8,4,78,both,delete,POST /api/v1/delete,
104,collection,ai/monitor/firestore_tracker.py,collection,Get subcollection with tracking.,,False,9,8,4,78,both,collection,POST /api/v1/collection,
105,get,ai/monitor/firestore_tracker.py,get,Execute query with tracking.,,False,9,8,4,78,both,get,POST /api/v1/get,
106,stream,ai/monitor/firestore_tracker.py,stream,Stream query results with tracking.,,False,9,8,4,78,both,stream,POST /api/v1/stream,
107,where,ai/monitor/firestore_tracker.py,where,Chain where clause.,,False,9,8,4,78,both,where,POST /api/v1/where,
108,order_by,ai/monitor/firestore_tracker.py,order_by,Chain order by clause.,,False,9,8,4,78,both,order by,POST /api/v1/order-by,
109,limit,ai/monitor/firestore_tracker.py,limit,Chain limit clause.,,False,9,8,4,78,both,limit,POST /api/v1/limit,
110,set,ai/monitor/firestore_tracker.py,set,Set document in batch.,,False,9,8,4,78,both,set,POST /api/v1/set,
111,update,ai/monitor/firestore_tracker.py,update,Update document in batch.,,False,9,8,4,78,both,update,POST /api/v1/update,
112,delete,ai/monitor/firestore_tracker.py,delete,Delete document in batch.,,False,9,8,4,78,both,delete,POST /api/v1/delete,
113,commit,ai/monitor/firestore_tracker.py,commit,Commit batch and track usage.,,False,9,8,4,78,both,commit,POST /api/v1/commit,
114,CostOptimizer,ai/monitor/cost_optimizer.py,,Advanced cost optimization analyzer.,False,False,9,8,4,78,both,CostOptimizer,POST /api/v1/CostOptimizer,
115,quick_optimization_report,ai/monitor/cost_optimizer.py,quick_optimization_report,Generate a quick optimization report.,,False,9,8,4,78,both,quick optimization report,POST /api/v1/quick-optimization-report,
116,analyze_usage_patterns,ai/monitor/cost_optimizer.py,analyze_usage_patterns,Analyze usage patterns to identify optimization opportunities.,,False,9,8,4,78,both,analyze usage patterns,POST /api/v1/analyze-usage-patterns,
117,generate_recommendations,ai/monitor/cost_optimizer.py,generate_recommendations,Generate comprehensive optimization recommendations.,,False,9,8,4,78,both,generate recommendations,POST /api/v1/generate-recommendations,
118,forecast_monthly_cost,ai/monitor/cost_optimizer.py,forecast_monthly_cost,Forecast monthly costs based on recent usage trends.,,False,9,8,4,78,both,forecast monthly cost,POST /api/v1/forecast-monthly-cost,
119,MonitorStatus,ai/monitor/status.py,,Class MonitorStatus,False,False,9,8,4,78,both,MonitorStatus,POST /api/v1/MonitorStatus,
120,get_status,ai/monitor/status.py,get_status,Function get_status,,False,9,8,4,78,both,status,GET /api/v1/status,
121,EnhancedFirestoreMemoryStore,ai/memory/enhanced_firestore.py,,Enhanced Firestore memory store with intelligent features and production capabilities.,False,False,9,8,4,78,both,EnhancedFirestoreMemoryStore,POST /api/v1/EnhancedFirestoreMemoryStore,
122,write,ai/memory/enhanced_firestore.py,write,Write enhanced memory item with Firestore persistence.,,False,9,8,4,78,both,write,POST /api/v1/write,
123,restore_memories,ai/memory/enhanced_firestore.py,restore_memories,Restore memories from a backup file.,,False,9,8,4,78,both,restore memories,POST /api/v1/restore-memories,
124,get_production_analytics,ai/memory/enhanced_firestore.py,get_production_analytics,Get enhanced analytics including Firestore metrics.,,False,9,8,4,78,both,production analytics,GET /api/v1/production-analytics,
125,sync_with_firestore,ai/memory/enhanced_firestore.py,sync_with_firestore,Synchronize local memory with Firestore.,,False,9,8,4,78,both,sync with firestore,POST /api/v1/sync-with-firestore,
126,optimize_firestore_memory,ai/memory/enhanced_firestore.py,optimize_firestore_memory,Optimize memory by removing low-importance items from both local and Firestore.,,False,9,8,4,78,both,memory optimize firestore,POST /api/v1/optimize-firestore-memory,
127,write_operation,ai/memory/enhanced_firestore.py,write_operation,Function write_operation,,False,9,8,4,78,both,write operation,POST /api/v1/write-operation,
128,delete_operation,ai/memory/enhanced_firestore.py,delete_operation,Function delete_operation,,False,9,8,4,78,both,delete operation,DELETE /api/v1/operation,
129,get_firestore_stats,ai/memory/enhanced_firestore.py,get_firestore_stats,Function get_firestore_stats,,False,9,8,4,78,both,firestore stats,GET /api/v1/firestore-stats,
130,get_firestore_memories,ai/memory/enhanced_firestore.py,get_firestore_memories,Function get_firestore_memories,,False,9,8,4,78,both,firestore memories,GET /api/v1/firestore-memories,
131,restore_operation,ai/memory/enhanced_firestore.py,restore_operation,Function restore_operation,,False,9,8,4,78,both,restore operation,POST /api/v1/restore-operation,
132,sync_to_firestore,ai/memory/enhanced_firestore.py,sync_to_firestore,Function sync_to_firestore,,False,9,8,4,78,both,sync to firestore,POST /api/v1/sync-to-firestore,
133,set_memory_store,ai/memory/store.py,set_memory_store,Function set_memory_store,,False,9,8,4,78,both,memory store,POST /api/v1/set-memory-store,
134,get_store,ai/memory/store.py,get_store,Function get_store,,False,9,8,4,78,both,store,GET /api/v1/store,
135,render_context,ai/memory/store.py,render_context,Function render_context,,False,9,8,4,78,both,render context,POST /api/v1/render-context,
136,MemoryItem,ai/memory/store.py,,Class MemoryItem,False,False,9,8,4,78,both,MemoryItem,POST /api/v1/MemoryItem,
137,MemoryStore,ai/memory/store.py,,Class MemoryStore,False,False,9,8,4,78,both,MemoryStore,POST /api/v1/MemoryStore,
138,InMemoryMemoryStore,ai/memory/store.py,,Class InMemoryMemoryStore,False,False,9,8,4,78,both,InMemoryMemoryStore,POST /api/v1/InMemoryMemoryStore,
139,write,ai/memory/store.py,write,Function write,,False,9,8,4,78,both,write,POST /api/v1/write,
140,query,ai/memory/store.py,query,Function query,,False,9,8,4,78,both,query,POST /api/v1/query,
141,MemoryType,ai/memory/intelligent_store.py,,Classification of memory content types.,False,False,9,8,4,78,both,MemoryType,POST /api/v1/MemoryType,
142,EnhancedMemoryItem,ai/memory/intelligent_store.py,,Enhanced memory item with intelligent metadata.,False,False,9,8,4,78,both,EnhancedMemoryItem,POST /api/v1/EnhancedMemoryItem,
143,write,ai/memory/intelligent_store.py,write,Write enhanced memory item with automatic intelligence.,,False,9,8,4,78,both,write,POST /api/v1/write,
144,query,ai/memory/intelligent_store.py,query,Enhanced query with intelligent filtering.,,False,9,8,4,78,both,query,POST /api/v1/query,
145,search_by_keywords,ai/memory/intelligent_store.py,search_by_keywords,Search memories by keywords.,,False,9,8,4,78,both,search by keywords,POST /api/v1/search-by-keywords,
146,search_by_type,ai/memory/intelligent_store.py,search_by_type,Search memories by type.,,False,9,8,4,78,both,search by type,POST /api/v1/search-by-type,
147,get_related_memories,ai/memory/intelligent_store.py,get_related_memories,Get memories related to a specific memory.,,False,9,8,4,78,both,related memories,GET /api/v1/related-memories,
148,get_by_id,ai/memory/intelligent_store.py,get_by_id,Get memory by ID.,,False,9,8,4,78,both,by id,GET /api/v1/by-id,
149,get_memory_analytics,ai/memory/intelligent_store.py,get_memory_analytics,Get analytics about memory usage.,,False,9,8,4,78,both,memory analytics,GET /api/v1/memory-analytics,
150,optimize_memory,ai/memory/intelligent_store.py,optimize_memory,Optimize memory by removing low-importance old items.,,False,9,8,4,78,both,memory optimize,POST /api/v1/optimize-memory,
151,FirestoreMemoryStore,ai/memory/firestore_store.py,,Firestore-backed intelligent memory store for persistent agent memory.,False,False,9,8,4,78,both,FirestoreMemoryStore,POST /api/v1/FirestoreMemoryStore,
152,write,ai/memory/firestore_store.py,write,Write enhanced memory item with Firestore persistence.,,False,9,8,4,78,both,write,POST /api/v1/write,
153,consolidate_memories,ai/memory/firestore_store.py,consolidate_memories,Consolidate and clean up old memories in Firestore.,,False,9,8,4,78,both,consolidate memories,POST /api/v1/consolidate-memories,
154,search_firestore,ai/memory/firestore_store.py,search_firestore,Search Firestore directly for memories (beyond local cache).,,False,9,8,4,78,both,search firestore,POST /api/v1/search-firestore,
155,get_memory_stats,ai/memory/firestore_store.py,get_memory_stats,Get comprehensive memory statistics including Firestore metrics.,,False,9,8,4,78,both,memory stats,GET /api/v1/memory-stats,
156,force_sync,ai/memory/firestore_store.py,force_sync,Force sync all local memories to Firestore.,,False,9,8,4,78,both,force sync,POST /api/v1/force-sync,
157,FirestoreMemoryStore,ai/memory/firestore.py,,Firestore-backed memory store (staging-only as per ADR-002/003).,False,False,9,8,4,78,both,FirestoreMemoryStore,POST /api/v1/FirestoreMemoryStore,
158,write,ai/memory/firestore.py,write,Function write,,False,9,8,4,78,both,write,POST /api/v1/write,
159,query,ai/memory/firestore.py,query,Function query,,False,9,8,4,78,both,query,POST /api/v1/query,
160,get_orchestration_statistics,ai/agents/enhanced_mother.py,get_orchestration_statistics,Get statistics about orchestration performance.,,False,9,8,4,78,both,orchestration statistics,GET /api/v1/orchestration-statistics,
161,run_sync_agent,ai/agents/enhanced_mother.py,run_sync_agent,Function run_sync_agent,,False,9,8,4,78,both,agent run sync,POST /api/v1/run-sync-agent,
162,create_enhanced_agents,ai/agents/enhanced_agents.py,create_enhanced_agents,Create all enhanced agents with intelligent memory capabilities.,,False,9,8,4,78,both,agent create enhanced s,POST /api/v1/enhanced-agents,
163,get_agent,ai/agents/enhanced_agents.py,get_agent,"Get an agent instance, optionally using enhanced memory capabilities.",,False,9,8,4,78,both,agent ,GET /api/v1/agent,
164,Agent,ai/agents/enhanced_agents.py,,Class Agent,False,False,9,8,4,78,both,Agent,POST /api/v1/Agent,
165,DummyTool,ai/agents/enhanced_agents.py,,Class DummyTool,False,False,9,8,4,78,both,DummyTool,POST /api/v1/DummyTool,
166,Agent,ai/agents/DocumentationAgent.py,,Class Agent,False,False,9,8,4,78,both,Agent,POST /api/v1/Agent,
167,ChildAgent,ai/agents/mother.py,,Child agent spawned by Mother Agent.,False,False,9,8,4,78,both,ChildAgent,POST /api/v1/ChildAgent,
168,AgentResult,ai/agents/mother.py,,Result from an agent execution.,False,False,9,8,4,78,both,AgentResult,POST /api/v1/AgentResult,
169,execute,ai/agents/mother.py,execute,Execute the agent task.,,False,9,8,4,78,both,execute,POST /api/v1/execute,
170,get_active_agents,ai/agents/mother.py,get_active_agents,Get list of currently active agents.,,False,9,8,4,78,both,agent active s,GET /api/v1/active-agents,
171,cleanup_completed_agents,ai/agents/mother.py,cleanup_completed_agents,Remove completed agents from active registry.,,False,9,8,4,78,both,agent cleanup completed s,POST /api/v1/cleanup-completed-agents,
172,scan_for_issues,ai/agents/mother.py,scan_for_issues,Scan directory for issues that agents can fix.,,False,9,8,4,78,both,scan for issues,POST /api/v1/scan-for-issues,
173,MarketResearchAgent,ai/agents/research_agents.py,,Agent specialized in market research using EXA web search.,False,False,9,8,4,78,api,MarketResearchAgent,POST /api/v1/MarketResearchAgent,
174,TechnicalAssessmentAgent,ai/agents/research_agents.py,,Agent specialized in technical feasibility assessment.,False,False,9,8,4,78,both,TechnicalAssessmentAgent,POST /api/v1/TechnicalAssessmentAgent,
175,OpportunityScoringAgent,ai/agents/research_agents.py,,Agent specialized in scoring and ranking business opportunities.,False,False,9,8,4,78,both,OpportunityScoringAgent,POST /api/v1/OpportunityScoringAgent,
176,Agent,ai/agents/research_agents.py,,Class Agent,False,False,9,8,4,78,both,Agent,POST /api/v1/Agent,
177,MemoryType,ai/agents/research_agents.py,,Class MemoryType,False,False,9,8,4,78,both,MemoryType,POST /api/v1/MemoryType,
178,AppGenesisAgent,ai/agents/app_genesis.py,,Agent that creates and develops entire applications autonomously.,False,False,9,8,4,78,both,AppGenesisAgent,POST /api/v1/AppGenesisAgent,
179,get_development_status,ai/agents/app_genesis.py,get_development_status,Get current development status.,,False,9,8,4,78,both,development status,GET /api/v1/development-status,
180,SeniorReviewer,ai/agents/senior_reviewer.py,,Senior Reviewer Agent for autonomous code quality control.,False,False,9,8,4,78,both,SeniorReviewer,POST /api/v1/SeniorReviewer,
181,review_changes,ai/agents/senior_reviewer.py,review_changes,Review code changes and make a decision.,,False,9,8,4,78,both,review changes,POST /api/v1/review-changes,
182,AgentStatus,ai/cli/enhanced_monitor.py,,Track status of different agent types,False,False,9,8,4,78,both,AgentStatus,POST /api/v1/AgentStatus,
183,EnhancedMonitor,ai/cli/enhanced_monitor.py,,Enhanced CLI monitor with interactive controls,False,False,9,8,4,78,cli,EnhancedMonitor,POST /api/v1/EnhancedMonitor,
184,update_agent,ai/cli/enhanced_monitor.py,update_agent,Update agent status,,False,9,8,4,78,both,agent update,PUT /api/v1/agent,
185,get_status_emoji,ai/cli/enhanced_monitor.py,get_status_emoji,Get emoji for agent status,,False,9,8,4,78,both,status emoji,GET /api/v1/status-emoji,
186,create_layout,ai/cli/enhanced_monitor.py,create_layout,Create the main dashboard layout,,False,9,8,4,78,both,create layout,POST /api/v1/layout,
187,create_header,ai/cli/enhanced_monitor.py,create_header,Create header with title and current time,,False,9,8,4,78,both,create header,POST /api/v1/header,
188,create_agent_panel,ai/cli/enhanced_monitor.py,create_agent_panel,Create agent status panel,,False,9,8,4,78,both,agent create  panel,POST /api/v1/agent-panel,
189,create_activity_panel,ai/cli/enhanced_monitor.py,create_activity_panel,Create activity feed panel,,False,9,8,4,78,both,create activity panel,POST /api/v1/activity-panel,
190,create_controls_panel,ai/cli/enhanced_monitor.py,create_controls_panel,Create controls panel with detailed descriptions,,False,9,8,4,78,both,create controls panel,POST /api/v1/controls-panel,
191,add_activity,ai/cli/enhanced_monitor.py,add_activity,Add activity to recent activities,,False,9,8,4,78,both,add activity,POST /api/v1/activity,
192,infer_directory_purpose,ai/cli/enhanced_monitor.py,infer_directory_purpose,Infer the purpose of a directory from its name and contents,,False,9,8,4,78,both,infer directory purpose,POST /api/v1/infer-directory-purpose,
193,infer_file_purpose,ai/cli/enhanced_monitor.py,infer_file_purpose,Infer the purpose of a Python file from its name,,False,9,8,4,78,both,infer file purpose,POST /api/v1/infer-file-purpose,
194,run_loop,ai/cli/enhanced_monitor.py,run_loop,Function run_loop,,False,9,8,4,78,both,run loop,POST /api/v1/run-loop,
195,cmd_spawn,ai/cli/fresh.py,cmd_spawn,Spawn an agent for a specific task.,,False,9,8,4,78,both,cmd spawn,POST /api/v1/cmd-spawn,
196,cmd_orchestrate,ai/cli/fresh.py,cmd_orchestrate,Orchestrate complex multi-agent research and analysis.,,False,9,8,4,78,both,cmd orchestrate,POST /api/v1/cmd-orchestrate,
197,cmd_monitor,ai/cli/fresh.py,cmd_monitor,Monitor command with enhanced interactive option.,,False,9,8,4,78,cli,monitor cmd,POST /api/v1/cmd-monitor,
198,memory,ai/cli/magic_cli.py,memory,Show and manage Fresh AI memory.,,False,9,8,4,78,both,memory ,POST /api/v1/memory,
199,MemoryIntegrationConfig,ai/system/memory_integration.py,,Configuration for memory system integration.,False,False,9,8,4,78,both,MemoryIntegrationConfig,POST /api/v1/MemoryIntegrationConfig,
200,get_memory_store,ai/system/memory_integration.py,get_memory_store,Get the current memory store instance.,,False,9,8,4,78,both,memory store,GET /api/v1/memory-store,
201,AgentExecution,ai/execution/monitor.py,,Execution context for a spawned agent.,False,False,9,8,4,78,both,AgentExecution,POST /api/v1/AgentExecution,
202,AgentExecutionMonitor,ai/execution/monitor.py,,Monitors and coordinates real-time agent execution with agency swarm.,False,False,9,8,4,78,both,AgentExecutionMonitor,POST /api/v1/AgentExecutionMonitor,
203,get_execution_monitor,ai/execution/monitor.py,get_execution_monitor,Get the global agent execution monitor instance.,,False,9,8,4,78,both,monitor execution,GET /api/v1/execution-monitor,
204,CodebaseMonitor,ai/autonomous/monitor.py,,Continuously monitors codebase health and quality metrics.,False,False,9,8,4,78,both,CodebaseMonitor,POST /api/v1/CodebaseMonitor,
205,comprehensive_scan,ai/autonomous/monitor.py,comprehensive_scan,Perform comprehensive codebase scan.,,False,9,8,4,78,both,comprehensive scan,POST /api/v1/comprehensive-scan,
206,analyze_patterns,ai/autonomous/monitor.py,analyze_patterns,Analyze code patterns and anti-patterns.,,False,9,8,4,78,both,analyze patterns,POST /api/v1/analyze-patterns,
207,detect_regressions,ai/autonomous/monitor.py,detect_regressions,Detect performance or quality regressions.,,False,9,8,4,78,both,detect regressions,POST /api/v1/detect-regressions,
208,simulate_agent_activity,scripts/demo-adaptive-monitor.py,simulate_agent_activity,Simulate realistic agent activity patterns.,,False,9,8,4,78,both,agent simulate  activity,POST /api/v1/simulate-agent-activity,
209,demo_static_display,scripts/demo-adaptive-monitor.py,demo_static_display,Show a single snapshot of the monitoring display.,,False,9,8,4,78,both,demo static display,POST /api/v1/demo-static-display,
210,demo_live_monitoring,scripts/demo-adaptive-monitor.py,demo_live_monitoring,Demo the live monitoring with adaptive refresh.,,False,9,8,4,78,both,monitor demo live ing,POST /api/v1/demo-live-monitoring,
211,main,scripts/demo-adaptive-monitor.py,main,Main demo script.,,False,9,8,4,78,both,main,POST /api/v1/main,
212,MonitoringValidator,scripts/validate-monitoring.py,,Validates the adaptive monitoring system through controlled testing.,False,False,9,8,4,78,both,MonitoringValidator,POST /api/v1/MonitoringValidator,
213,main,scripts/validate-monitoring.py,main,Run the monitoring validation suite.,,False,9,8,4,78,both,main,POST /api/v1/main,
214,clear_activity,scripts/validate-monitoring.py,clear_activity,Clear existing activity to start fresh.,,False,9,8,4,78,both,clear activity,POST /api/v1/clear-activity,
215,run_stress_test,scripts/validate-monitoring.py,run_stress_test,Run a stress test with continuous activity.,,False,9,8,4,78,both,run stress test,POST /api/v1/run-stress-test,
216,run_all_tests,scripts/validate-monitoring.py,run_all_tests,Run complete validation suite.,,False,9,8,4,78,both,run all tests,POST /api/v1/run-all-tests,
217,print_section,scripts/demo-persistent-memory.py,print_section,Print a formatted section header.,,False,9,8,4,78,both,print section,POST /api/v1/print-section,
218,simulate_agent_activity,scripts/demo-persistent-memory.py,simulate_agent_activity,Simulate diverse agent activity to populate memory.,,False,9,8,4,78,both,agent simulate  activity,POST /api/v1/simulate-agent-activity,
219,demonstrate_search_capabilities,scripts/demo-persistent-memory.py,demonstrate_search_capabilities,Demonstrate various search and query capabilities.,,False,9,8,4,78,both,demonstrate search capabilities,POST /api/v1/demonstrate-search-capabilities,
220,demonstrate_analytics,scripts/demo-persistent-memory.py,demonstrate_analytics,Demonstrate memory analytics and learning patterns.,,False,9,8,4,78,both,demonstrate analytics,POST /api/v1/demonstrate-analytics,
221,demonstrate_consolidation,scripts/demo-persistent-memory.py,demonstrate_consolidation,Demonstrate memory consolidation (dry run only).,,False,9,8,4,78,both,demonstrate consolidation,POST /api/v1/demonstrate-consolidation,
222,demonstrate_sync,scripts/demo-persistent-memory.py,demonstrate_sync,Demonstrate memory synchronization if Firestore is available.,,False,9,8,4,78,both,demonstrate sync,POST /api/v1/demonstrate-sync,
223,main,scripts/demo-persistent-memory.py,main,Run the persistent memory demonstration.,,False,9,8,4,78,both,main,POST /api/v1/main,
224,run_demo,scripts/setup_cost_monitoring.py,run_demo,Run a demo with sample data.,,False,9,8,4,78,both,run demo,POST /api/v1/run-demo,
225,show_integration_examples,scripts/setup_cost_monitoring.py,show_integration_examples,Show integration examples.,,False,9,8,4,78,both,show integration examples,POST /api/v1/show-integration-examples,
226,main,scripts/setup_cost_monitoring.py,main,Main setup function.,,False,9,8,4,78,both,main,POST /api/v1/main,
227,show_optimization_opportunities,scripts/cost_monitoring_first_apps.py,show_optimization_opportunities,Show immediate optimization opportunities.,,False,9,8,4,78,both,show optimization opportunities,POST /api/v1/show-optimization-opportunities,
228,check_budget_status,scripts/cost_monitoring_first_apps.py,check_budget_status,Check current budget status and alerts.,,False,9,8,4,78,both,check budstatus,POST /api/v1/check-budget-status,
229,AdaptiveWatcher,scripts/watch-agents-adaptive.py,,Main class for adaptive agent monitoring.,False,False,9,8,4,78,both,AdaptiveWatcher,POST /api/v1/AdaptiveWatcher,
230,main,scripts/watch-agents-adaptive.py,main,CLI entry point.,,False,9,8,4,78,cli,main,POST /api/v1/main,
231,track_openai_streaming_call,ai/monitor/openai_tracker.py,track_openai_streaming_call,Decorator for streaming OpenAI calls.,,False,9,8,6,76,both,track openai streaming call,POST /api/v1/track-openai-streaming-call,
232,estimate_cost_for_messages,ai/monitor/openai_tracker.py,estimate_cost_for_messages,Estimate cost for a chat completion without making the API call.,,False,9,8,6,76,both,estimate cost for messages,POST /api/v1/estimate-cost-for-messages,
233,estimate_and_track_from_messages,ai/monitor/openai_tracker.py,estimate_and_track_from_messages,Estimate and track usage from messages and response.,,False,9,8,6,76,both,estimate and track from messages,POST /api/v1/estimate-and-track-from-messages,
234,create_current_usage_panel,ai/monitor/cost_dashboard.py,create_current_usage_panel,Create current usage summary panel.,,False,9,8,6,76,both,create current usage panel,POST /api/v1/current-usage-panel,
235,create_service_breakdown_panel,ai/monitor/cost_dashboard.py,create_service_breakdown_panel,Create service breakdown panel.,,False,9,8,6,76,both,create service breakdown panel,POST /api/v1/service-breakdown-panel,
236,create_budget_status_panel,ai/monitor/cost_dashboard.py,create_budget_status_panel,Create budget status panel.,,False,9,8,6,76,both,create budstatus panel,POST /api/v1/budget-status-panel,
237,create_recent_activity_panel,ai/monitor/cost_dashboard.py,create_recent_activity_panel,Create recent activity panel.,,False,9,8,6,76,both,create recent activity panel,POST /api/v1/recent-activity-panel,
238,create_tracked_firestore_client,ai/monitor/firestore_tracker.py,create_tracked_firestore_client,Create a tracked Firestore client from an existing client.,,False,9,8,6,76,cli,create tracked firestore client,POST /api/v1/tracked-firestore-client,
239,get_cost_breakdown_analysis,ai/monitor/cost_optimizer.py,get_cost_breakdown_analysis,Get detailed cost breakdown analysis.,,False,9,8,6,76,both,cost breakdown analysis,GET /api/v1/cost-breakdown-analysis,
240,create_firestore_memory_store,ai/memory/firestore_store.py,create_firestore_memory_store,Factory function to create FirestoreMemoryStore with error handling.,,False,9,8,6,76,both,memory create firestore  store,POST /api/v1/firestore-memory-store,
241,send_message_to_parent,ai/agents/mother.py,send_message_to_parent,Send message to parent agent.,,False,9,8,6,76,both,send message to parent,POST /api/v1/send-message-to-parent,
242,get_agent_by_id,ai/agents/mother.py,get_agent_by_id,Get agent by ID.,,False,9,8,6,76,both,agent by id,GET /api/v1/agent-by-id,
243,get_memory_integration_manager,ai/system/memory_integration.py,get_memory_integration_manager,Get the global memory integration manager.,,False,9,8,6,76,both,memory integration manager,GET /api/v1/memory-integration-manager,
244,initialize_agent_memory_system,ai/system/memory_integration.py,initialize_agent_memory_system,Initialize the memory system for agent workflows.,,False,9,8,6,76,both,memory initialize agent  system,POST /api/v1/initialize-agent-memory-system,
245,get_memory_system_status,ai/system/memory_integration.py,get_memory_system_status,Get current memory system status and health information.,,False,9,8,6,76,both,memory system status,GET /api/v1/memory-system-status,
246,ensure_memory_system_ready,ai/system/memory_integration.py,ensure_memory_system_ready,Ensure the memory system is initialized and ready for use.,,False,9,8,6,76,both,memory ensure  system ready,POST /api/v1/ensure-memory-system-ready,
247,initialize_memory_system,ai/system/memory_integration.py,initialize_memory_system,Initialize the memory system based on configuration.,,False,9,8,8,74,both,memory initialize  system,POST /api/v1/initialize-memory-system,
248,setup_cost_monitoring,scripts/setup_cost_monitoring.py,setup_cost_monitoring,Set up the cost monitoring system.,,False,9,8,8,74,both,monitor setup cost ing,POST /api/v1/setup-cost-monitoring,
249,WriteMemory,ai/tools/enhanced_mcp.py,,Class WriteMemory,False,False,9,7,4,69,both,WriteMemory,POST /api/v1/WriteMemory,
250,ReadMemoryContext,ai/tools/enhanced_mcp.py,,Class ReadMemoryContext,False,False,9,7,4,69,both,ReadMemoryContext,POST /api/v1/ReadMemoryContext,
251,load_env_file,ai/interface/telegram_bot.py,load_env_file,Load environment variables from .env file.,,False,9,6,4,60,cli,load env file,POST /api/v1/load-env-file,
252,EnhancedDashboardController,ai/interface/enhanced_dashboard.py,,Enhanced controller with Mother Agent integration and task management,False,False,9,6,4,60,cli,EnhancedDashboardController,POST /api/v1/EnhancedDashboardController,
253,EnhancedDashboardHandler,ai/interface/enhanced_dashboard.py,,Enhanced HTTP handler with Mother Agent chat and orchestration,False,False,9,6,4,60,api,EnhancedDashboardHandler,POST /api/v1/EnhancedDashboardHandler,
254,handle_orchestrate_post,ai/interface/enhanced_dashboard.py,handle_orchestrate_post,Handle orchestration requests,,False,9,6,4,60,cli,handle orchestrate post,POST /api/v1/handle-orchestrate-post,
255,SpawnedAgent,ai/interface/agent_spawner.py,,Represents a dynamically spawned agent with its configuration and state.,False,False,9,6,4,60,cli,SpawnedAgent,POST /api/v1/SpawnedAgent,
256,AgentSpawner,ai/interface/agent_spawner.py,,"Manages dynamic agent spawning, execution, and lifecycle.",False,False,9,6,4,60,cli,AgentSpawner,POST /api/v1/AgentSpawner,
257,get_agent_spawner,ai/interface/agent_spawner.py,get_agent_spawner,Get the global agent spawner instance.,,False,9,6,4,60,cli,agent spawner,GET /api/v1/agent-spawner,
258,get_spawn_status,ai/interface/agent_spawner.py,get_spawn_status,Get status of a spawn request.,,False,9,6,4,60,cli,spawn status,GET /api/v1/spawn-status,
259,list_active_agents,ai/interface/agent_spawner.py,list_active_agents,List all currently active spawned agents (synchronous).,,False,9,6,4,60,cli,agent list active s,POST /api/v1/list-active-agents,
260,initialize_agents,ai/interface/enhanced_dashboard.py,initialize_agents,Initialize Mother Agent instances,,False,9,6,8,56,cli,agent initialize s,POST /api/v1/initialize-agents,
261,test,ai/cli/magic.py,test,Add tests described in natural language.,,False,6,8,4,54,cli,test,POST /api/v1/test,
262,cmd_assist_report,ai/cli/fresh.py,cmd_assist_report,Function cmd_assist_report,,False,6,8,4,54,cli,cmd assist report,POST /api/v1/cmd-assist-report,
263,cmd_feature_validate,ai/cli/fresh.py,cmd_feature_validate,Validate that all features meet quality standards.,,False,6,8,4,54,cli,cmd feature validate,POST /api/v1/cmd-feature-validate,
264,test,ai/cli/magic_cli.py,test,Add tests described in natural language.,,False,6,8,4,54,cli,test,POST /api/v1/test,
265,DocsAlignmentCheck,ai/tools/docs_tools.py,,Run documentation alignment checks and return a summary report.,False,False,6,7,4,48,cli,DocsAlignmentCheck,POST /api/v1/DocsAlignmentCheck,
266,main,ai/tools/release_notes_cli.py,main,Function main,,False,5,8,4,46,cli,main,POST /api/v1/main,
267,CallMCPTool,ai/tools/mcp_client.py,,Safely call an MCP tool with specified arguments.,False,False,5,8,4,46,cli,CallMCPTool,POST /api/v1/CallMCPTool,
268,BaseTool,ai/tools/mcp_client.py,,Class BaseTool,False,False,5,8,4,46,cli,BaseTool,POST /api/v1/BaseTool,
269,MagicCommand,ai/cli/magic.py,,The magic command interface that makes development effortless.,False,False,5,8,4,46,cli,MagicCommand,POST /api/v1/MagicCommand,
270,fix,ai/cli/magic.py,fix,Fix issues described in natural language.,,False,5,8,4,46,cli,fix,POST /api/v1/fix,
271,add,ai/cli/magic.py,add,Add new features described in natural language.,,False,5,8,4,46,cli,add,POST /api/v1/add,
272,refactor,ai/cli/magic.py,refactor,Refactor code as described in natural language.,,False,5,8,4,46,cli,refactor,POST /api/v1/refactor,
273,cmd_scan,ai/cli/fresh.py,cmd_scan,Scan repository for issues and print as JSON.,,False,5,8,4,46,cli,cmd scan,POST /api/v1/cmd-scan,
274,cmd_run,ai/cli/fresh.py,cmd_run,Run autonomous development loop.,,False,5,8,4,46,cli,cmd run,POST /api/v1/cmd-run,
275,cmd_health,ai/cli/fresh.py,cmd_health,Print health information as JSON and return 0.,,False,5,8,4,46,cli,cmd health,POST /api/v1/cmd-health,
276,cmd_version,ai/cli/fresh.py,cmd_version,Print version and commit in a human-friendly format and return 0.,,False,5,8,4,46,cli,cmd version,POST /api/v1/cmd-version,
277,cmd_scaffold_new,ai/cli/fresh.py,cmd_scaffold_new,Function cmd_scaffold_new,,False,5,8,4,46,cli,cmd scaffold new,POST /api/v1/cmd-scaffold-new,
278,cmd_autonomous_status,ai/cli/fresh.py,cmd_autonomous_status,Show autonomous loop status.,,False,5,8,4,46,cli,cmd autonomous status,POST /api/v1/cmd-autonomous-status,
279,cmd_autonomous_cycle,ai/cli/fresh.py,cmd_autonomous_cycle,Run single autonomous improvement cycle.,,False,5,8,4,46,cli,cmd autonomous cycle,POST /api/v1/cmd-autonomous-cycle,
280,cmd_autonomous_start,ai/cli/fresh.py,cmd_autonomous_start,Start continuous autonomous loop.,,False,5,8,4,46,cli,cmd autonomous start,POST /api/v1/cmd-autonomous-start,
281,cmd_autonomous_stop,ai/cli/fresh.py,cmd_autonomous_stop,Stop continuous autonomous loop.,,False,5,8,4,46,cli,cmd autonomous stop,POST /api/v1/cmd-autonomous-stop,
282,cmd_feature_inventory,ai/cli/fresh.py,cmd_feature_inventory,Run feature inventory to identify unhooked features and quality issues.,,False,5,8,4,46,cli,cmd feature inventory,POST /api/v1/cmd-feature-inventory,
283,main,ai/cli/fresh.py,main,Main CLI entry point.,,False,5,8,4,46,cli,main,POST /api/v1/main,
284,allowed_task,ai/cli/fresh.py,allowed_task,Function allowed_task,,False,5,8,4,46,cli,allowed task,POST /api/v1/allowed-task,
285,cmd_assist_scan,ai/cli/fresh.py,cmd_assist_scan,"Safe, dry-run scan for assist mode (JSON or human).",,False,5,8,4,46,cli,cmd assist scan,POST /api/v1/cmd-assist-scan,
286,show_progress,ai/cli/magic_cli.py,show_progress,Show progress updates to user.,,False,5,8,4,46,cli,show progress,POST /api/v1/show-progress,
287,cli,ai/cli/magic_cli.py,cli,Fresh AI - Natural language development commands.,,False,5,8,4,46,cli,cli,POST /api/v1/cli,
288,fix,ai/cli/magic_cli.py,fix,Fix issues described in natural language.,,False,5,8,4,46,cli,fix,POST /api/v1/fix,
289,add,ai/cli/magic_cli.py,add,Add new features described in natural language.,,False,5,8,4,46,cli,add,POST /api/v1/add,
290,refactor,ai/cli/magic_cli.py,refactor,Refactor code as described in natural language.,,False,5,8,4,46,cli,refactor,POST /api/v1/refactor,
291,status,ai/cli/magic_cli.py,status,Show status of the Fresh AI system.,,False,5,8,4,46,cli,status,POST /api/v1/status,
292,cmd_assist_plan_pr,ai/cli/fresh.py,cmd_assist_plan_pr,Function cmd_assist_plan_pr,,False,5,8,6,44,cli,cmd assist plan pr,POST /api/v1/cmd-assist-plan-pr,
293,cmd_autonomous_emergency_stop,ai/cli/fresh.py,cmd_autonomous_emergency_stop,Activate emergency stop.,,False,5,8,6,44,cli,cmd autonomous emergency stop,POST /api/v1/cmd-autonomous-emergency-stop,
294,cmd_autonomous_clear_emergency,ai/cli/fresh.py,cmd_autonomous_clear_emergency,Clear emergency stop.,,False,5,8,6,44,cli,cmd autonomous clear emergency,POST /api/v1/cmd-autonomous-clear-emergency,
295,cmd_feature_hook_missing,ai/cli/fresh.py,cmd_feature_hook_missing,Hook up features that are implemented but not accessible.,,False,5,8,6,44,cli,cmd feature hook missing,POST /api/v1/cmd-feature-hook-missing,
296,build_enhanced_agency,ai/enhanced_agency.py,build_enhanced_agency,Construct the enhanced agency with intelligent memory-powered agents.,,False,9,4,4,42,cli,build enhanced agency,POST /api/v1/build-enhanced-agency,
297,StatusCoordinator,ai/coordination/status.py,,Coordinates status updates and notifications across agent teams.,False,False,9,4,4,42,cli,StatusCoordinator,POST /api/v1/StatusCoordinator,
298,GitHubPRIntegration,ai/integration/github_pr.py,,Simplified GitHub integration for autonomous PR creation.,False,False,9,4,4,42,cli,GitHubPRIntegration,POST /api/v1/GitHubPRIntegration,
299,create_feature_branch,ai/integration/github_pr.py,create_feature_branch,Create a feature branch for agent work.,,False,9,4,4,42,cli,create feature branch,POST /api/v1/feature-branch,
300,create_pull_request,ai/integration/github_pr.py,create_pull_request,Create a pull request.,,False,9,4,4,42,cli,create pull request,POST /api/v1/pull-request,
301,add_pr_comment,ai/integration/github_pr.py,add_pr_comment,Add a comment to a pull request.,,False,9,4,4,42,cli,add pr comment,POST /api/v1/pr-comment,
302,GitHubIntegration,ai/integration/github.py,,Manages GitHub integration for automated PR creation from agent work.,False,False,9,4,4,42,cli,GitHubIntegration,POST /api/v1/GitHubIntegration,
303,get_github_integration,ai/integration/github.py,get_github_integration,Get the global GitHub integration instance.,,False,9,4,4,42,cli,github integration,GET /api/v1/github-integration,
304,WorkflowOrchestrator,ai/workflows/__init__.py,,Main orchestrator for the Advanced Agent Workflow System.,False,False,9,4,4,42,cli,WorkflowOrchestrator,POST /api/v1/WorkflowOrchestrator,
305,AgentSpawnNode,ai/workflows/types.py,,Node for spawning new agents during workflow execution.,False,False,9,4,4,42,cli,AgentSpawnNode,POST /api/v1/AgentSpawnNode,
306,AgentExecuteNode,ai/workflows/types.py,,Node for executing tasks with spawned agents.,False,False,9,4,4,42,cli,AgentExecuteNode,POST /api/v1/AgentExecuteNode,
307,WorkflowExecutionEngine,ai/workflows/engine.py,,Advanced execution engine for agent workflows.,False,False,9,4,4,42,cli,WorkflowExecutionEngine,POST /api/v1/WorkflowExecutionEngine,
308,spawn_agent,ai/workflows/language.py,spawn_agent,Add an agent spawn node.,,False,9,4,4,42,cli,agent spawn,POST /api/v1/spawn-agent,
309,execute_agent,ai/workflows/language.py,execute_agent,Add an agent execution node.,,False,9,4,4,42,cli,agent execute,POST /api/v1/execute-agent,
310,FreshAgentSystem,ai/system/coordinator.py,,Coordinates initialization and lifecycle of all agent system components.,False,False,9,4,4,42,cli,FreshAgentSystem,POST /api/v1/FreshAgentSystem,
311,get_system,ai/system/coordinator.py,get_system,Get the global Fresh Agent System instance.,,False,9,4,4,42,cli,system,GET /api/v1/system,
312,FreshAgentSystem,ai/system/init.py,,Coordinates initialization and lifecycle of all agent system components.,False,False,9,4,4,42,cli,FreshAgentSystem,POST /api/v1/FreshAgentSystem,
313,get_system,ai/system/init.py,get_system,Get the global Fresh Agent System instance.,,False,9,4,4,42,cli,system,GET /api/v1/system,
314,monitor_health,ai/autonomous/safety.py,monitor_health,Monitor system health and return status.,,False,9,4,4,42,cli,monitor health,POST /api/v1/monitor-health,
315,SelfDocumentingLoopService,ai/services/self_documenting_loop.py,,Service that continuously monitors and documents codebase features.,False,False,9,4,4,42,cli,SelfDocumentingLoopService,POST /api/v1/SelfDocumentingLoopService,
316,stop_monitoring,ai/services/self_documenting_loop.py,stop_monitoring,Stop the self-documenting loop monitoring.,,False,9,4,4,42,cli,monitor stop ing,POST /api/v1/stop-monitoring,
317,process_task,ai/loop/dev_loop.py,process_task,Process a single task with appropriate agent.,,False,9,4,4,42,cli,process task,POST /api/v1/process-task,
318,RepoScanner,ai/loop/repo_scanner.py,,Scans repository for issues that agents can fix.,False,False,9,4,4,42,cli,RepoScanner,POST /api/v1/RepoScanner,
319,AgentTypeAnalysis,ai/analytics/performance.py,,Analysis results for a specific agent type.,False,False,9,4,4,42,cli,AgentTypeAnalysis,POST /api/v1/AgentTypeAnalysis,
320,PerformanceAnalytics,ai/analytics/performance.py,,Tracks and analyzes agent performance for optimization.,False,False,9,4,4,42,cli,PerformanceAnalytics,POST /api/v1/PerformanceAnalytics,
321,record_spawn_metrics,ai/analytics/performance.py,record_spawn_metrics,Record metrics for agent spawning.,,False,9,4,4,42,cli,record spawn metrics,POST /api/v1/record-spawn-metrics,
322,record_execution_metrics,ai/analytics/performance.py,record_execution_metrics,Record metrics for agent execution.,,False,9,4,4,42,cli,record execution metrics,POST /api/v1/record-execution-metrics,
323,record_completion_metrics,ai/analytics/performance.py,record_completion_metrics,Record metrics for agent completion.,,False,9,4,4,42,cli,record completion metrics,POST /api/v1/record-completion-metrics,
324,AgentActivitySimulator,scripts/demo-agent-activity.py,,Simulates realistic agent activity patterns for monitoring validation.,False,False,9,4,4,42,cli,AgentActivitySimulator,POST /api/v1/AgentActivitySimulator,
325,main,scripts/demo-agent-activity.py,main,Run the agent activity simulation demo.,,False,9,4,4,42,cli,main,POST /api/v1/main,
326,simulate_agent_thinking,scripts/demo-agent-activity.py,simulate_agent_thinking,Simulate an agent thinking/processing.,,False,9,4,4,42,cli,agent simulate  thinking,POST /api/v1/simulate-agent-thinking,
327,simulate_memory_operations,scripts/demo-agent-activity.py,simulate_memory_operations,Simulate memory read/write operations.,,False,9,4,4,42,cli,memory simulate  operations,POST /api/v1/simulate-memory-operations,
328,simulate_agent_flow,scripts/demo-agent-activity.py,simulate_agent_flow,Simulate work flowing from one agent to another.,,False,9,4,4,42,cli,agent simulate  flow,POST /api/v1/simulate-agent-flow,
329,show_activity_summary,scripts/demo-agent-activity.py,show_activity_summary,Display current activity levels and recent events.,,False,9,4,4,42,cli,show activity summary,POST /api/v1/show-activity-summary,
330,main,scripts/agent_heartbeat.py,main,Function main,,False,9,4,4,42,cli,main,POST /api/v1/main,
331,patch_firestore_memory,scripts/apply_firestore_cost_tracking.py,patch_firestore_memory,Patch the basic Firestore memory store with cost tracking.,,False,9,4,4,42,cli,memory patch firestore,POST /api/v1/patch-firestore-memory,
332,patch_enhanced_firestore,scripts/apply_firestore_cost_tracking.py,patch_enhanced_firestore,Patch the enhanced Firestore memory store with cost tracking.,,False,9,4,4,42,cli,patch enhanced firestore,POST /api/v1/patch-enhanced-firestore,
333,patch_firestore_store,scripts/apply_firestore_cost_tracking.py,patch_firestore_store,Patch the production Firestore memory store with cost tracking.,,False,9,4,4,42,cli,patch firestore store,POST /api/v1/patch-firestore-store,
334,main,scripts/apply_firestore_cost_tracking.py,main,Apply cost tracking to all Firestore memory systems.,,False,9,4,4,42,cli,main,POST /api/v1/main,
335,get_github_workflows,scripts/inventory_codebase.py,get_github_workflows,Scan GitHub workflows.,,False,9,4,4,42,cli,github workflows,GET /api/v1/github-workflows,
336,get_agent_classes,scripts/inventory_codebase.py,get_agent_classes,Find all agent class definitions.,,False,9,4,4,42,cli,agent classes,GET /api/v1/agent-classes,
337,get_memory_implementations,scripts/inventory_codebase.py,get_memory_implementations,Find memory store implementations.,,False,9,4,4,42,cli,memory implementations,GET /api/v1/memory-implementations,
338,normalize_tag,ai/tools/intent.py,normalize_tag,Function normalize_tag,,False,5,7,4,41,cli,normalize tag,POST /api/v1/normalize-tag,
339,BaseTool,ai/tools/intent.py,,Class BaseTool,False,False,5,7,4,41,cli,BaseTool,POST /api/v1/BaseTool,
340,BaseTool,ai/tools/dod_checker.py,,Class BaseTool,False,False,5,7,4,41,cli,BaseTool,POST /api/v1/BaseTool,
341,BaseTool,ai/tools/release_notes.py,,Class BaseTool,False,False,5,7,4,41,cli,BaseTool,POST /api/v1/BaseTool,
342,BaseTool,ai/tools/adr_logger.py,,Class BaseTool,False,False,5,7,4,41,cli,BaseTool,POST /api/v1/BaseTool,
343,BaseTool,ai/tools/docs_tools.py,,Class BaseTool,False,False,5,7,4,41,cli,BaseTool,POST /api/v1/BaseTool,
344,BaseTool,ai/tools/next_steps.py,,Class BaseTool,False,False,5,7,4,41,cli,BaseTool,POST /api/v1/BaseTool,
345,run_development_cycle_demo,scripts/demo-agent-activity.py,run_development_cycle_demo,Simulate a realistic development cycle through the agent chain.,,False,9,4,6,40,cli,run development cycle demo,POST /api/v1/run-development-cycle-demo,
346,initialize_intelligent_memory,ai/enhanced_agency.py,initialize_intelligent_memory,Initialize the intelligent memory store with fallback options.,,False,9,4,8,38,cli,memory initialize intelligent,POST /api/v1/initialize-intelligent-memory,
347,cancel_task,ai/interface/enhanced_dashboard.py,cancel_task,Cancel a running task,,False,5,6,4,36,cli,cancel task,POST /api/v1/cancel-task,
348,do_GET,ai/interface/enhanced_dashboard.py,do_GET,Handle GET requests,,False,5,6,4,36,cli,do GET,POST /api/v1/do-GET,
349,do_POST,ai/interface/enhanced_dashboard.py,do_POST,Handle POST requests,,False,5,6,4,36,cli,do POST,POST /api/v1/do-POST,
350,handle_start_conversation,ai/interface/enhanced_dashboard.py,handle_start_conversation,Start new conversation,,False,5,6,4,36,cli,handle start conversation,POST /api/v1/handle-start-conversation,
351,handle_conversation_api,ai/interface/enhanced_dashboard.py,handle_conversation_api,Handle conversation API calls,,False,5,6,4,36,cli,handle conversation api,POST /api/v1/handle-conversation-api,
352,handle_conversation_post,ai/interface/enhanced_dashboard.py,handle_conversation_post,Handle conversation POST requests,,False,5,6,4,36,cli,handle conversation post,POST /api/v1/handle-conversation-post,
353,handle_tasks_api,ai/interface/enhanced_dashboard.py,handle_tasks_api,Handle tasks API,,False,5,6,4,36,cli,handle tasks api,POST /api/v1/handle-tasks-api,
354,handle_tasks_post,ai/interface/enhanced_dashboard.py,handle_tasks_post,Handle task actions,,False,5,6,4,36,cli,handle tasks post,POST /api/v1/handle-tasks-post,
355,serve_status_api,ai/interface/enhanced_dashboard.py,serve_status_api,Serve system status,,False,5,6,4,36,cli,serve status api,POST /api/v1/serve-status-api,
356,handle_export_api,ai/interface/enhanced_dashboard.py,handle_export_api,Handle results export requests,,False,5,6,4,36,cli,handle export api,POST /api/v1/handle-export-api,
357,export_json,ai/interface/enhanced_dashboard.py,export_json,Export task results as JSON,,False,5,6,4,36,cli,export json,POST /api/v1/export-json,
358,export_markdown,ai/interface/enhanced_dashboard.py,export_markdown,Export task results as Markdown,,False,5,6,4,36,cli,export markdown,POST /api/v1/export-markdown,
359,export_pdf,ai/interface/enhanced_dashboard.py,export_pdf,Export task results as PDF (simplified text format),,False,5,6,4,36,cli,export pdf,POST /api/v1/export-pdf,
360,send_json_response,ai/interface/enhanced_dashboard.py,send_json_response,Send JSON response,,False,5,6,4,36,cli,send json response,POST /api/v1/send-json-response,
361,serve_enhanced_dashboard,ai/interface/enhanced_dashboard.py,serve_enhanced_dashboard,Serve the enhanced dashboard HTML,,False,5,6,4,36,cli,serve enhanced dashboard,POST /api/v1/serve-enhanced-dashboard,
362,signal_handler,ai/interface/enhanced_dashboard.py,signal_handler,Function signal_handler,,False,5,6,4,36,cli,signal handler,POST /api/v1/signal-handler,
363,validate,ai/workflows/types.py,validate,Validate the workflow definition and return any errors.,,False,6,4,4,30,cli,validate,POST /api/v1/validate,
364,build,ai/workflows/language.py,build,Build and validate the workflow definition.,,False,6,4,4,30,cli,build,POST /api/v1/build,
365,MockClock,ai/utils/clock.py,,Test clock with controllable time.,False,False,6,4,4,30,cli,MockClock,POST /api/v1/MockClock,
366,set_clock,ai/utils/clock.py,set_clock,Set the global clock instance (for tests).,,False,6,4,4,30,cli,clock,POST /api/v1/set-clock,
367,validate_changes,ai/autonomous/engine.py,validate_changes,Validate changes before applying them.,,False,6,4,4,30,cli,validate changes,POST /api/v1/validate-changes,
368,validate_safety,ai/autonomous/safety.py,validate_safety,Comprehensive safety validation for proposed changes.,,False,6,4,4,30,cli,validate safety,POST /api/v1/validate-safety,
369,find_failing_tests,ai/loop/repo_scanner.py,find_failing_tests,Find failing tests.,,False,6,4,4,30,cli,find failing tests,POST /api/v1/find-failing-tests,
370,find_failing_tests,ai/loop/repo_scanner.py,find_failing_tests,Find failing tests using pytest.,,False,6,4,4,30,cli,find failing tests,POST /api/v1/find-failing-tests,
371,load_inventory,scripts/analyze_feature_status.py,load_inventory,Load the generated inventory.json.,,False,6,4,4,30,cli,load inventory,POST /api/v1/load-inventory,
372,check_feature,scripts/analyze_feature_status.py,check_feature,"Check if a feature is Implemented, Partial, or Missing.",,False,6,4,4,30,cli,check feature,POST /api/v1/check-feature,
373,generate_feature_matrix,scripts/analyze_feature_status.py,generate_feature_matrix,Generate the feature status matrix.,,False,6,4,4,30,cli,generate feature matrix,POST /api/v1/generate-feature-matrix,
374,write_feature_status,scripts/analyze_feature_status.py,write_feature_status,Write the FEATURE_STATUS.md file.,,False,6,4,4,30,cli,write feature status,POST /api/v1/write-feature-status,
375,main,scripts/analyze_feature_status.py,main,Main analysis function.,,False,6,4,4,30,cli,main,POST /api/v1/main,
376,validate_consolidation,scripts/validate_rule_consolidation.py,validate_consolidation,Validate that all unique requirements are preserved.,,False,6,4,4,30,cli,validate consolidation,POST /api/v1/validate-consolidation,
377,FeatureScanner,scripts/feature_inventory.py,,Scans codebase to identify and validate features.,False,False,6,4,4,30,cli,FeatureScanner,POST /api/v1/FeatureScanner,
378,CodebaseDiagnostic,scripts/diagnostic_scan.py,,Comprehensive codebase bloat analyzer.,False,False,6,4,4,30,cli,CodebaseDiagnostic,POST /api/v1/CodebaseDiagnostic,
379,analyze_all_files,scripts/diagnostic_scan.py,analyze_all_files,Analyze all files in the repository.,,False,6,4,4,30,cli,analyze all files,POST /api/v1/analyze-all-files,
380,analyze_file_sizes,scripts/diagnostic_scan.py,analyze_file_sizes,Analyze file sizes to identify large files and directories.,,False,6,4,4,30,cli,analyze file sizes,POST /api/v1/analyze-file-sizes,
381,analyze_dependencies,scripts/diagnostic_scan.py,analyze_dependencies,Analyze project dependencies for bloat.,,False,6,4,4,30,cli,analyze dependencies,POST /api/v1/analyze-dependencies,
382,generate_report,scripts/diagnostic_scan.py,generate_report,Generate a comprehensive diagnostic report.,,False,6,4,4,30,cli,generate report,POST /api/v1/generate-report,
383,DocumentationAnalyzer,scripts/analyze_documentation_gaps.py,,Class DocumentationAnalyzer,False,False,6,4,4,30,cli,DocumentationAnalyzer,POST /api/v1/DocumentationAnalyzer,
384,main,scripts/analyze_documentation_gaps.py,main,Function main,,False,6,4,4,30,cli,main,POST /api/v1/main,
385,analyze,scripts/analyze_documentation_gaps.py,analyze,Run comprehensive documentation analysis.,,False,6,4,4,30,cli,analyze,POST /api/v1/analyze,
386,DocumentationValidator,scripts/validate_documentation.py,,Class DocumentationValidator,False,False,6,4,4,30,cli,DocumentationValidator,POST /api/v1/DocumentationValidator,
387,main,scripts/validate_documentation.py,main,Function main,,False,6,4,4,30,cli,main,POST /api/v1/main,
388,validate_all,scripts/validate_documentation.py,validate_all,Run all validation checks.,,False,6,4,4,30,cli,validate all,POST /api/v1/validate-all,
389,print_results,scripts/validate_documentation.py,print_results,Print human-readable validation results.,,False,6,4,4,30,cli,print results,POST /api/v1/print-results,
390,get_tests,scripts/inventory_codebase.py,get_tests,Scan for test files and extract test functions.,,False,6,4,4,30,cli,tests,GET /api/v1/tests,
391,reset_to_system_clock,ai/utils/clock.py,reset_to_system_clock,Reset to system clock (cleanup after tests).,,False,6,4,6,28,cli,reto system clock,POST /api/v1/reset-to-system-clock,
392,patch_openai,ai/agency_openai_patch.py,patch_openai,Patch the openai module with cost tracking.,,False,5,4,4,26,cli,patch openai,POST /api/v1/patch-openai,
393,unpatch_openai,ai/agency_openai_patch.py,unpatch_openai,Restore original openai module.,,False,5,4,4,26,cli,unpatch openai,POST /api/v1/unpatch-openai,
394,build_agency,ai/agency.py,build_agency,Construct the basic agency with directional flows.,,False,5,4,4,26,cli,build agency,POST /api/v1/build-agency,
395,get_status_coordinator,ai/coordination/status.py,get_status_coordinator,Get the global status coordinator instance.,,False,5,4,4,26,cli,status coordinator,GET /api/v1/status-coordinator,
396,register_context,ai/coordination/status.py,register_context,Register a new coordination context for status tracking.,,False,5,4,4,26,cli,register context,POST /api/v1/register-context,
397,MCPDiscoverySystem,ai/integration/mcp_discovery.py,,Advanced MCP server discovery and integration system.,False,False,5,4,4,26,api,MCPDiscoverySystem,POST /api/v1/MCPDiscoverySystem,
398,get_mcp_discovery,ai/integration/mcp_discovery.py,get_mcp_discovery,Get the global MCP discovery system instance.,,False,5,4,4,26,cli,mcp discovery,GET /api/v1/mcp-discovery,
399,get_discovery_summary,ai/integration/mcp_discovery.py,get_discovery_summary,Get a summary of discovered servers and capabilities.,,False,5,4,4,26,api,discovery summary,GET /api/v1/discovery-summary,
400,run_mvp,ai/runner/mvp.py,run_mvp,"Run an offline, safe MVP planning pass using local tools.",,False,5,4,4,26,cli,run mvp,POST /api/v1/run-mvp,
401,get_system_metrics,ai/workflows/__init__.py,get_system_metrics,Get comprehensive system metrics.,,False,5,4,4,26,cli,system metrics,GET /api/v1/system-metrics,
402,ConditionNode,ai/workflows/types.py,,Node for conditional workflow branching.,False,False,5,4,4,26,cli,ConditionNode,POST /api/v1/ConditionNode,
403,LoopNode,ai/workflows/types.py,,Node for loop execution with various loop types.,False,False,5,4,4,26,cli,LoopNode,POST /api/v1/LoopNode,
404,WorkflowDefinition,ai/workflows/types.py,,Complete definition of a workflow.,False,False,5,4,4,26,cli,WorkflowDefinition,POST /api/v1/WorkflowDefinition,
405,WorkflowExecution,ai/workflows/types.py,,Runtime execution state of a workflow.,False,False,5,4,4,26,cli,WorkflowExecution,POST /api/v1/WorkflowExecution,
406,evaluate,ai/workflows/types.py,evaluate,Evaluate the condition against the workflow context.,,False,5,4,4,26,cli,evaluate,POST /api/v1/evaluate,
407,evaluate_conditions,ai/workflows/types.py,evaluate_conditions,Evaluate all conditions based on logic operator.,,False,5,4,4,26,cli,evaluate conditions,POST /api/v1/evaluate-conditions,
408,add_node,ai/workflows/types.py,add_node,Add a node to the workflow.,,False,5,4,4,26,cli,add node,POST /api/v1/node,
409,add_edge,ai/workflows/types.py,add_edge,Add an edge to the workflow.,,False,5,4,4,26,cli,add edge,POST /api/v1/edge,
410,connect,ai/workflows/types.py,connect,Convenience method to connect two nodes.,,False,5,4,4,26,cli,connect,POST /api/v1/connect,
411,add_log,ai/workflows/types.py,add_log,Add an entry to the execution log.,,False,5,4,4,26,cli,add log,POST /api/v1/log,
412,set_variable,ai/workflows/types.py,set_variable,Set a workflow variable.,,False,5,4,4,26,cli,variable,POST /api/v1/set-variable,
413,mark_node_completed,ai/workflows/types.py,mark_node_completed,Mark a node as completed.,,False,5,4,4,26,cli,mark node completed,POST /api/v1/mark-node-completed,
414,mark_node_failed,ai/workflows/types.py,mark_node_failed,Mark a node as failed.,,False,5,4,4,26,cli,mark node failed,POST /api/v1/mark-node-failed,
415,calculate_progress,ai/workflows/types.py,calculate_progress,Calculate workflow execution progress as percentage.,,False,5,4,4,26,cli,calculate progress,POST /api/v1/calculate-progress,
416,is_completed,ai/workflows/types.py,is_completed,Check if workflow execution is completed.,,False,5,4,4,26,cli,is completed,POST /api/v1/is-completed,
417,get_workflow_engine,ai/workflows/engine.py,get_workflow_engine,Get the global workflow execution engine instance.,,False,5,4,4,26,cli,workflow engine,GET /api/v1/workflow-engine,
418,get_execution_status,ai/workflows/engine.py,get_execution_status,Get the status of a workflow execution.,,False,5,4,4,26,cli,execution status,GET /api/v1/execution-status,
419,get_execution_log,ai/workflows/engine.py,get_execution_log,Get the execution log for a workflow.,,False,5,4,4,26,cli,execution log,GET /api/v1/execution-log,
420,get_engine_metrics,ai/workflows/engine.py,get_engine_metrics,Get execution engine performance metrics.,,False,5,4,4,26,cli,engine metrics,GET /api/v1/engine-metrics,
421,WorkflowSyntaxError,ai/workflows/language.py,,Exception raised for syntax errors in workflow definitions.,False,False,5,4,4,26,cli,WorkflowSyntaxError,POST /api/v1/WorkflowSyntaxError,
422,WorkflowBuilder,ai/workflows/language.py,,Builder class for creating workflow definitions programmatically.,False,False,5,4,4,26,cli,WorkflowBuilder,POST /api/v1/WorkflowBuilder,
423,WDLParser,ai/workflows/language.py,,Parser for Workflow Definition Language (WDL) files.,False,False,5,4,4,26,cli,WDLParser,POST /api/v1/WDLParser,
424,WDLExporter,ai/workflows/language.py,,Exporter for converting workflow definitions to WDL format.,False,False,5,4,4,26,cli,WDLExporter,POST /api/v1/WDLExporter,
425,parse_workflow,ai/workflows/language.py,parse_workflow,Parse workflow definition from string content.,,False,5,4,4,26,cli,parse workflow,POST /api/v1/parse-workflow,
426,load_workflow,ai/workflows/language.py,load_workflow,Load workflow definition from file.,,False,5,4,4,26,cli,load workflow,POST /api/v1/load-workflow,
427,save_workflow,ai/workflows/language.py,save_workflow,Save workflow definition to file.,,False,5,4,4,26,cli,save workflow,POST /api/v1/save-workflow,
428,add_start,ai/workflows/language.py,add_start,Add a start node to the workflow.,,False,5,4,4,26,cli,add start,POST /api/v1/start,
429,add_end,ai/workflows/language.py,add_end,Add an end node to the workflow.,,False,5,4,4,26,cli,add end,POST /api/v1/end,
430,add_condition,ai/workflows/language.py,add_condition,Add a conditional branch node.,,False,5,4,4,26,cli,add condition,POST /api/v1/condition,
431,add_parallel,ai/workflows/language.py,add_parallel,Add a parallel execution node.,,False,5,4,4,26,cli,add parallel,POST /api/v1/parallel,
432,add_loop,ai/workflows/language.py,add_loop,Add a loop node.,,False,5,4,4,26,cli,add loop,POST /api/v1/loop,
433,call_mcp,ai/workflows/language.py,call_mcp,Add an MCP service call node.,,False,5,4,4,26,cli,call mcp,POST /api/v1/call-mcp,
434,add_human_approval,ai/workflows/language.py,add_human_approval,Add a human approval node.,,False,5,4,4,26,cli,add human approval,POST /api/v1/human-approval,
435,connect,ai/workflows/language.py,connect,Connect two nodes with an edge.,,False,5,4,4,26,cli,connect,POST /api/v1/connect,
436,set_variable,ai/workflows/language.py,set_variable,Set a default workflow variable.,,False,5,4,4,26,cli,variable,POST /api/v1/set-variable,
437,parse_file,ai/workflows/language.py,parse_file,Parse a WDL file and return a workflow definition.,,False,5,4,4,26,cli,parse file,POST /api/v1/parse-file,
438,export_to_yaml,ai/workflows/language.py,export_to_yaml,Export workflow definition to YAML format.,,False,5,4,4,26,cli,export to yaml,POST /api/v1/export-to-yaml,
439,export_to_json,ai/workflows/language.py,export_to_json,Export workflow definition to JSON format.,,False,5,4,4,26,cli,export to json,POST /api/v1/export-to-json,
440,save_to_file,ai/workflows/language.py,save_to_file,Save workflow definition to a file.,,False,5,4,4,26,cli,save to file,POST /api/v1/save-to-file,
